origin, take a picture., navigate to my home., turn off the light., turn on wireless hotspot., restart phone now., read mail., opened the website., make it warmer., turn off the computer., call my wife.
phasevoctor0.8, take a picture., navigate to my home., turn off the light., turn on wireless hotspot., restart phone. now., read mail., open the website., make it warmer., turn off the computer., call my wife.
ola0.8, take a picture., navigate to my home., turn off the light., turn on wireless hotspot., restart phone. now., read mail., open the website., make it warmer., turn off the computer., call my wife.
wsola0.8, take a picture., navigate to my home., turn off the light., turn on wireless hotspot., restart phone. now., read mail., open the website., make it warmer., turn off the computer., call my wife.
phasevoctor0.81, take a picture., navigate to my home., turn off the light., turn on wireless hotspot., restart phone. now., read mail., open the website., make it warmer., turn off the computer., call my wife.
ola0.81, take a picture., navigate to my home., turn off the light., turn on wireless hotspot., restart phone. now., read mail., open the website., make it warmer., turn off the computer., call my wife.
wsola0.81, take a picture., navigate to my home., turn off the light., turn on wireless hotspot., restart phone. now., read mail., open the website., make it warmer., turn off the computer., call my wife.
phasevoctor0.82, taking a picture., navigate to my home., turn off the light., turn on wireless hotspot., restart phone. now., read mail., open the website., make it warmer., turn off the computer., call my wife.
ola0.82, take a picture., navigate to my home., turn off the light., turn on wireless hotspot., restart phone. now., read mail., open the website., make it warmer., turn off the computer., call my wife.
wsola0.82, take a picture., navigate to my home., turn off the light., turn on wireless hotspot., restart phone. now., read mail., open the website., make it warmer., turn off the computer., call my wife.
phasevoctor0.83, taking a picture., now he's my home., turn off the light., turn on wireless hotspot., restart phone. now., read mail., open the website., make it warmer., turn off the computer., call my wife.
ola0.83, take a picture., navigate to my home., turn off the light., turn on wireless hotspot., restart phone. now., read mail., open the website., make it warmer., turn off the computer., call my wife.
wsola0.83, take a picture., navigate to my home., turn off the light., turn on wireless hotspot., restart phone. now., read mail., open the website., make it warmer., turn off the computer., call my wife.
phasevoctor0.84, take a picture., now he's in my home., turn off the light., turn on wireless hotspot., research on now., read mail., open the website., make it warmer., turn off the computer., call my wife.
ola0.84, take a picture., navigate to my home., turn off the light., turn on wireless hotspot., restart phone. now., read mail., open the website., make it warmer., turn off the computer., call my wife.
wsola0.84, take a picture., navigate to my home., turn off the light., turn on wireless hotspot., restart phone. now., read mail., open the website., make it warmer., turn off the computer., call my wife.
phasevoctor0.85, take a picture., now he's in my home., turn off the light., turn on wireless hotspot., research phone now., read mail., open the website., make it warmer., turn off the computer., call my wife.
ola0.85, take a picture., navigate to my home., turn off the light., turn on wireless hotspot., restart phone. now., read mail., open the website., make it warmer., turn off the computer., call my wife.
wsola0.85, take a picture., navigate to my home., turn off the light., turn on wireless hotspot., restart phone. now., read mail., open the website., make it warmer., turn off the computer., call my wife.
phasevoctor0.86, take a picture., now he's in my home., turn off the light., turn on wireless hotspot., restart phone. now., read mail., open the website., make it warmer., turn off the computer., call my wife.
ola0.86, take a picture., navigate to my home., turn off the light., turn on wireless hotspot., restart phone. now., read mail., open the website., make it warmer., turn off the computer., call my wife.
wsola0.86, take a picture., navigate to my home., turn off the light., turn on wireless hotspot., restart phone. now., read mail., open the website., make it warmer., turn off the computer., call my wife.
phasevoctor0.87, take a picture., navigate to my home., turn off the light., turn on wireless hotspot., restart phone. now., read mail., open the website., make it warmer., turn off the computer., call my wife.
ola0.87, take a picture., navigate to my home., turn off the light., turn on wireless hotspot., restart phone. now., read mail., open the website., make it warmer., turn off the computer., call my wife.
wsola0.87, take a picture., navigate to my home., turn off the light., turn on wireless hotspot., restart phone. now., read mail., open the website., make it warmer., turn off the computer., call my wife.
phasevoctor0.88, take a picture., navigate to my home., turn off the light., turn on wireless hotspot., restart phone. now., read mail., open the website., make it warmer., turn off the computer., call my wife.
ola0.88, take a picture., navigate to my home., turn off the light., turn on wireless hotspot., restart phone. now., read mail., open the website., make it warmer., turn off the computer., call my wife.
wsola0.88, take a picture., navigate to my home., turn off the light., turn on wireless hotspot., restart phone. now., read mail., open the website., make it warmer., turn off the computer., call my wife.
phasevoctor0.89, take a picture., navigate to my home., turn off the light., turn on wireless hotspot., restart on now., read mail., open the website., make it warmer., turn off the computer., call my wife.
ola0.89, take a picture., navigate to my home., turn off the light., turn on wireless hotspot., restart phone. now., read mail., open the website., make it warmer., turn off the computer., call my wife.
wsola0.89, take a picture., navigate to my home., turn off the light., turn on wireless hotspot., restart phone. now., read mail., open the website., make it warmer., turn off the computer., call my wife.
phasevoctor0.9, take a picture., navigate to my home., turn off the light., turn on wireless hotspot., restart phone. now., read mail., open the website., make it warmer., turn off the computer., call my wife.
ola0.9, take a picture., navigate to my home., turn off the light., turn on wireless hotspot., restart phone. now., read mail., open the website., make it warmer., turn off the computer., call my wife.
wsola0.9, take a picture., navigate to my home., turn off the light., turn on wireless hotspot., restart phone. now., read mail., open the website., make it warmer., turn off the computer., call my wife.
phasevoctor0.91, take a picture., navigate to my home., turn off the light., turn on wireless hotspot., restart phone. now., read mail., open the website., make it warmer., turn off the computer., call my wife.
ola0.91, take a picture., navigate to my home., turn off the light., turn on wireless hotspot., restart phone. now., read mail., open the website., make it warmer., turn off the computer., call my wife.
wsola0.91, take a picture., navigate to my home., turn off the light., turn on wireless hotspot., restart phone. now., read mail., open the website., make it warmer., turn off the computer., call my wife.
phasevoctor0.92, take a picture., navigate to my home., turn off the light., turn on wireless hotspot., restart phone. now., read mail., open the website., make it warmer., turn off the computer., call my wife.
ola0.92, take a picture., navigate to my home., turn off the light., turn on wireless hotspot., restart phone. now., read mail., open the website., make it warmer., turn off the computer., call my wife.
wsola0.92, take a picture., navigate to my home., turn off the light., turn on wireless hotspot., restart phone. now., read mail., open the website., make it warmer., turn off the computer., call my wife.
phasevoctor0.93, take a picture., navigate to my home., turn off the light., turn on wireless hotspot., restart phone. now., read mail., open the website., make it warmer., turn off the computer., call my wife.
ola0.93, take a picture., navigate to my home., turn off the light., turn on wireless hotspot., restart phone. now., read mail., open the website., make it warmer., turn off the computer., call my wife.
wsola0.93, take a picture., navigate to my home., turn off the light., turn on wireless hotspot., restart phone. now., read mail., open the website., make it warmer., turn off the computer., call my wife.
phasevoctor0.94, take a picture., navigate to my home., turn off the light., turn on wireless hotspot., restart phone. now., read mail., open the website., make it warmer., turn off the computer., call my wife.
ola0.94, take a picture., navigate to my home., turn off the light., turn on wireless hotspot., restart phone. now., read mail., open the website., make it warmer., turn off the computer., call my wife.
wsola0.94, take a picture., navigate to my home., turn off the light., turn on wireless hotspot., restart phone. now., read mail., open the website., make it warmer., turn off the computer., call my wife.
phasevoctor0.95, take a picture., navigate to my home., turn off the light., turn on wireless spot., restart phone. now., read mail., open the website., make it warmer., turn off the computer., call my wife.
ola0.95, take a picture., navigate to my home., turn off the light., turn on wireless hotspot., restart phone. now., read mail., open the website., make it warmer., turn off the computer., call my wife.
wsola0.95, take a picture., navigate to my home., turn off the light., turn on wireless hotspot., restart phone. now., read mail., open the website., make it warmer., turn off the computer., call my wife.
phasevoctor0.96, take a picture., navigate to my home., turn off the light., turn on wireless hotspot., restart phone. now., read mail., open the website., make it warmer., turn off the computer., call my wife.
ola0.96, take a picture., navigate to my home., turn off the light., turn on wireless hotspot., restart phone. now., read mail., open the website., make it warmer., turn off the computer., call my wife.
wsola0.96, take a picture., navigate to my home., turn off the light., turn on wireless hotspot., restart phone. now., read mail., open the website., make it warmer., turn off the computer., call my wife.
phasevoctor0.97, take a picture., navigate to my home., turn off the light., turn on wireless hotspot., restart phone. now., read mail., open the website., make it warmer., turn off the computer., call my wife.
ola0.97, take a picture., navigate to my home., turn off the light., turn on wireless hotspot., restart phone. now., read mail., open the website., make it warmer., turn off the computer., call my wife.
wsola0.97, take a picture., navigate to my home., turn off the light., turn on wireless hotspot., restart phone. now., read mail., open the website., make it warmer., turn off the computer., call my wife.
phasevoctor0.98, take a picture., navigate to my home., turn off the light., turn on wireless hotspot., restart phone. now., read mail., open the website., make it warmer., turn off the computer., call my wife.
ola0.98, take a picture., navigate to my home., turn off the light., turn on wireless hotspot., restart phone. now., read mail., open the website., make it warmer., turn off the computer., call my wife.
wsola0.98, take a picture., navigate to my home., turn off the light., turn on wireless hotspot., restart phone. now., read mail., open the website., make it warmer., turn off the computer., call my wife.
phasevoctor0.99, take a picture., navigate to my home., turn off the light., turn on wireless hotspot., restart phone. now., read mail., open the website., make it warmer., turn off the computer., call my wife.
ola0.99, take a picture., navigate to my home., turn off the light., turn on wireless hotspot., restart phone. now., read mail., open the website., make it warmer., turn off the computer., call my wife.
wsola0.99, take a picture., navigate to my home., turn off the light., turn on wireless hotspot., restart phone. now., read mail., open the website., make it warmer., turn off the computer., call my wife.
phasevoctor1.0, take a picture., navigate to my home., turn off the light., turn on wireless hotspot., restart phone. now., read mail., open the website., make it warmer., turn off the computer., call my wife.
ola1.0, take a picture., navigate to my home., turn off the light., turn on wireless hotspot., restart phone. now., read mail., open the website., make it warmer., turn off the computer., call my wife.
wsola1.0, take a picture., navigate to my home., turn off the light., turn on wireless hotspot., restart phone. now., read mail., open the website., make it warmer., turn off the computer., call my wife.
phasevoctor1.01, take a picture., navigate to my home., turn off the light., turn on wireless hotspot., restart phone. now., read mail., open the website., make it warmer., turn off the computer., call my wife.
ola1.01, take a picture., navigate to my home., turn off the light., turn on wireless hotspot., restart phone. now., read mail., open the website., make it warmer., turn off the computer., call my wife.
wsola1.01, take a picture., navigate to my home., turn off the light., turn on wireless hotspot., restart phone. now., read mail., open the website., make it warmer., turn off the computer., call my wife.
phasevoctor1.02, take a picture., navigate to my home., turn off the light., turn on wireless hotspot., restart phone. now., read mail., open the website., make it warmer., turn off the computer., call my wife.
ola1.02, take a picture., navigate to my home., turn off the light., turn on wireless hotspot., restart phone. now., read mail., open the website., make it warmer., turn off the computer., call my wife.
wsola1.02, take a picture., navigate to my home., turn off the light., turn on wireless hotspot., restart phone. now., read mail., open the website., make it warmer., turn off the computer., call my wife.
phasevoctor1.03, take a picture., navigate to my home., turn off the light., turn on wireless hotspot., restart phone. now., read mail., open the website., make it warmer., turn off the computer., call my wife.
ola1.03, take a picture., navigate to my home., turn off the light., turn on wireless hotspot., restart phone. now., read mail., open the website., make it warmer., turn off the computer., call my wife.
wsola1.03, take a picture., navigate to my home., turn off the light., turn on wireless hotspot., restart phone. now., read mail., open the website., make it warmer., turn off the computer., call my wife.
phasevoctor1.04, take a picture., navigate to my home., turn off the light., turn on wireless., restart phone. now., read mail., open the website., make it warmer., turn off the computer., call my wife.
ola1.04, take a picture., navigate to my home., turn off the light., turn on wireless hotspot., restart phone. now., read mail., open the website., make it warmer., turn off the computer., call my wife.
wsola1.04, take a picture., navigate to my home., turn off the light., turn on wireless hotspot., restart phone. now., read mail., open the website., make it warmer., turn off the computer., call my wife.
phasevoctor1.05, take a picture., navigate to my home., turn off the light., turn on wireless., restart phone. now., read mail., open the website., make it warmer., turn off the computer., call my wife.
ola1.05, take a picture., navigate to my home., turn off the light., turn on wireless hotspot., restart phone. now., read mail., open the website., make it warmer., turn off the computer., call my wife.
wsola1.05, take a picture., navigate to my home., turn off the light., turn on wireless hotspot., restart phone. now., read mail., open the website., make it warmer., turn off the computer., call my wife.
phasevoctor1.06, take a picture., navigate to my home., turn off the light., turn on wireless spot., restart phone. now., read mail., open the website., make it warmer., turn off the computer., call my wife.
ola1.06, take a picture., navigate to my home., turn off the light., turn on wireless hotspot., restart phone. now., read mail., open the website., make it warmer., turn off the computer., call my wife.
wsola1.06, take a picture., navigate to my home., turn off the light., turn on wireless hotspot., restart phone. now., read mail., open the website., make it warmer., turn off the computer., call my wife.
phasevoctor1.07, take a picture., navigate well., turn off the light., turn on the spot., restart phone. now., read mail., open the website., make it warmer., turn off the computer., call my wife.
ola1.07, take a picture., navigate to my home., turn off the light., turn on wireless hotspot., restart phone. now., read mail., open the website., make it warmer., turn off the computer., call my wife.
wsola1.07, take a picture., navigate to my home., turn off the light., turn on wireless hotspot., restart phone. now., read mail., open the website., make it warmer., turn off the computer., call my wife.
phasevoctor1.08, take a picture., navigate to home., turn off the light., turn on our hot spot., we start from now., read mail., open the website., make it warmer., turn off the computer., call my wife.
ola1.08, take a picture., navigate to my home., turn off the light., turn on wireless hotspot., restart phone. now., read mail., open the website., make it warmer., turn off the computer., call my wife.
wsola1.08, take a picture., navigate to my home., turn off the light., turn on wireless hotspot., restart phone. now., read mail., open the website., make it warmer., turn off the computer., call my wife.
phasevoctor1.09, take a picture., navigate my home., turn off the light., turn on the hotspot., we start now., read mail., open the website., make it were., turn off the computer., call my wife.
ola1.09, take a picture., navigate to my home., turn off the light., turn on wireless hotspot., restart phone. now., read mail., open the website., make it warmer., turn off the computer., call my wife.
wsola1.09, take a picture., navigate to my home., turn off the light., turn on wireless hotspot., restart phone. now., read mail., open the website., make it warmer., turn off the computer., call my wife.
phasevoctor1.1, take a picture., navigate my home., turn off the light., turn on my list. hot spot., we start now., read mail., open the website., make it were., turn off the computer., call my wife.
ola1.1, take a picture., navigate to my home., turn off the light., turn on wireless hotspot., restart phone. now., read mail., open the website., make it warmer., turn off the computer., call my wife.
wsola1.1, take a picture., navigate to my home., turn off the light., turn on wireless hotspot., restart phone. now., read mail., open the website., make it warmer., turn off the computer., call my wife.
phasevoctor1.11, take a picture., navigate my home., turn off the light., turn on wireless hotspot., we start now., read mail., open the website., make it were., turn off the computer., call my wife.
ola1.11, take a picture., navigate to my home., turn off the light., turn on wireless hotspot., restart phone. now., read mail., open the website., make it warmer., turn off the computer., call my wife.
wsola1.11, take a picture., navigate to my home., turn off the light., turn on wireless hotspot., restart phone. now., read mail., open the website., make it warmer., turn off the computer., call my wife.
phasevoctor1.12, take a picture., never is my home., turn off the light., turn on wireless hotspot., research on now., read mail., open the website., make it were., turn off the computer., call my wife.
ola1.12, take a picture., navigate to my home., turn off the light., turn on wireless hotspot., restart phone. now., read mail., open the website., make it warmer., turn off the computer., call my wife.
wsola1.12, take a picture., navigate to my home., turn off the light., turn on wireless hotspot., restart phone. now., read mail., open the website., make it warmer., turn off the computer., call my wife.
phasevoctor1.13, take a picture., never is my home., turn off the light., turn a wireless hotspot., recycle now., retail., open the website., make it warmer., turn off the computer., como es.
ola1.13, take a picture., navigate to my home., turn off the light., turn on wireless hotspot., restart phone. now., read mail., open the website., make it warmer., turn off the computer., call my wife.
wsola1.13, take a picture., navigate to my home., turn off the light., turn on wireless hotspot., restart phone. now., read mail., open the website., make it warmer., turn off the computer., call my wife.
phasevoctor1.14, take a picture., now this is my home., turn off the light., turn a wireless hotspot., recycle now., retail., open the website., make it warmer., turn off the computer., como es.
ola1.14, take a picture., navigate to my home., turn off the light., turn on wireless hotspot., restart phone. now., read mail., open the website., make it warmer., turn off the computer., call my wife.
wsola1.14, take a picture., navigate to my home., turn off the light., turn on wireless hotspot., restart phone. now., read mail., open the website., make it warmer., turn off the computer., call my wife.
phasevoctor1.15, take a picture., navigate to my home., turn off the light., turn the wireless hotspot., recycle now., retail., open the website., make it warmer., turn off the computer., call my wife.
ola1.15, take a picture., navigate to my home., turn off the light., turn on wireless hotspot., restart phone. now., read mail., open the website., make it warmer., turn off the computer., call my wife.
wsola1.15, take a picture., navigate to my home., turn off the light., turn on wireless hotspot., restart phone. now., read mail., open the website., make it warmer., turn off the computer., call my wife.
phasevoctor1.16, take a picture., navigate to my home., turn off the light., turn the wireless hotspot., recycle now., retail., open the website., make it warmer., turn off the computer., call my wife.
ola1.16, take a picture., navigate to my home., turn off the light., turn on wireless hotspot., restart phone. now., read mail., open the website., make it warmer., turn off the computer., call my wife.
wsola1.16, take a picture., navigate to my home., turn off the light., turn on wireless hotspot., restart phone. now., read mail., open the website., make it warmer., turn off the computer., call my wife.
phasevoctor1.17, take a picture., navigate to my home., turn off the light., turn on wireless hotspot., research phone now., read mail., open the website., make it warmer., turn off the computer., call my wife.
ola1.17, take a picture., navigate to my home., turn off the light., turn on wireless hotspot., restart phone. now., read mail., open the website., make it warmer., turn off the computer., call my wife.
wsola1.17, take a picture., navigate to my home., turn off the light., turn on wireless hotspot., restart phone. now., read mail., open the website., make it warmer., turn off the computer., call my wife.
phasevoctor1.18, take a picture., now he's in my home., turn off the light., turn on wireless hotspot., research phone now., read mail., open the website., make it warmer., turn off the computer., call my wife.
ola1.18, take a picture., navigate to my home., turn off the light., turn on wireless hotspot., restart phone. now., read mail., open the website., make it warmer., turn off the computer., call my wife.
wsola1.18, take a picture., navigate to my home., turn off the light., turn on wireless hotspot., restart phone. now., read mail., open the website., make it warmer., turn off the computer., call my wife.
phasevoctor1.19, take a picture., now he's in my home., turn off the light., turn on wireless hotspot., research phone now., read mail., open the website., make warmer., turn off the computer., call my wife.
ola1.19, take a picture., navigate to my home., turn off the light., turn on wireless hotspot., restart phone. now., read mail., open the website., make it warmer., turn off the computer., call my wife.
wsola1.19, take a picture., navigate to my home., turn off the light., turn on wireless hotspot., restart phone. now., read mail., open the website., make it warmer., turn off the computer., call my wife.
